{
    "total_runtime": 1226.8559477329254,
    "num_documents": 1,
    "input_load_time": 0,
    "workflows": {
        "create_base_text_units": {
            "overall": 0.42543745040893555,
            "0_orderby": 0.014994621276855469,
            "1_zip": 0.009804010391235352,
            "2_aggregate_override": 0.013002157211303711,
            "3_chunk": 0.28444766998291016,
            "4_select": 0.012305498123168945,
            "5_unroll": 0.007273674011230469,
            "6_rename": 0.010967016220092773,
            "7_genid": 0.014307022094726562,
            "8_unzip": 0.00874018669128418,
            "9_copy": 0.01063990592956543,
            "10_filter": 0.0298306941986084
        },
        "create_base_extracted_entities": {
            "overall": 857.8846864700317,
            "0_entity_extract": 857.8046956062317,
            "1_merge_graphs": 0.05452585220336914
        },
        "create_summarized_entities": {
            "overall": 139.5982723236084,
            "0_summarize_descriptions": 139.58353328704834
        },
        "create_base_entity_graph": {
            "overall": 0.1952831745147705,
            "0_cluster_graph": 0.1450786590576172,
            "1_select": 0.029820680618286133
        },
        "create_final_entities": {
            "overall": 3.4086410999298096,
            "0_unpack_graph": 0.062280893325805664,
            "1_rename": 0.0367588996887207,
            "2_select": 0.027736663818359375,
            "3_dedupe": 0.049939632415771484,
            "4_rename": 0.06270146369934082,
            "5_filter": 0.08551335334777832,
            "6_text_split": 0.03558754920959473,
            "7_drop": 0.04867410659790039,
            "8_merge": 0.14725422859191895,
            "9_text_embed": 2.749830961227417,
            "10_drop": 0.03719305992126465,
            "11_filter": 0.0405580997467041
        },
        "create_final_nodes": {
            "overall": 0.4374711513519287,
            "0_layout_graph": 0.07652950286865234,
            "1_unpack_graph": 0.04892230033874512,
            "2_unpack_graph": 0.03829836845397949,
            "3_filter": 0.04984402656555176,
            "4_drop": 0.025730371475219727,
            "5_select": 0.022031545639038086,
            "6_rename": 0.019371509552001953,
            "7_convert": 0.07744455337524414,
            "8_join": 0.024573802947998047,
            "9_rename": 0.030315399169921875
        },
        "create_final_communities": {
            "overall": 0.6000845432281494,
            "0_unpack_graph": 0.03757643699645996,
            "1_unpack_graph": 0.04740500450134277,
            "2_aggregate_override": 0.04059028625488281,
            "3_join": 0.04052543640136719,
            "4_join": 0.03403282165527344,
            "5_concat": 0.03013157844543457,
            "6_filter": 0.056024789810180664,
            "7_aggregate_override": 0.04759550094604492,
            "8_join": 0.05534195899963379,
            "9_filter": 0.0630645751953125,
            "10_fill": 0.02982497215270996,
            "11_merge": 0.03164076805114746,
            "12_copy": 0.026163816452026367,
            "13_select": 0.027799606323242188
        },
        "join_text_units_to_entity_ids": {
            "overall": 0.18564867973327637,
            "0_select": 0.04006528854370117,
            "1_unroll": 0.04829716682434082,
            "2_aggregate_override": 0.057732582092285156
        },
        "create_final_relationships": {
            "overall": 0.4576842784881592,
            "0_unpack_graph": 0.04171133041381836,
            "1_filter": 0.08402848243713379,
            "2_rename": 0.03196573257446289,
            "3_filter": 0.08325529098510742,
            "4_drop": 0.03624224662780762,
            "5_compute_edge_combined_degree": 0.03992509841918945,
            "6_convert": 0.06341385841369629,
            "7_convert": 0.04208517074584961
        },
        "join_text_units_to_relationship_ids": {
            "overall": 0.2104034423828125,
            "0_select": 0.041348934173583984,
            "1_unroll": 0.035033226013183594,
            "2_aggregate_override": 0.04612159729003906,
            "3_select": 0.04234504699707031
        },
        "create_final_community_reports": {
            "overall": 218.18916296958923,
            "0_prepare_community_reports_nodes": 0.05877208709716797,
            "1_prepare_community_reports_edges": 0.0414578914642334,
            "2_restore_community_hierarchy": 0.04478645324707031,
            "3_prepare_community_reports": 0.15910696983337402,
            "4_create_community_reports": 217.77967071533203,
            "5_window": 0.0491948127746582
        },
        "create_final_text_units": {
            "overall": 0.3876628875732422,
            "0_select": 0.03760981559753418,
            "1_rename": 0.03502464294433594,
            "2_join": 0.07498526573181152,
            "3_join": 0.07325959205627441,
            "4_aggregate_override": 0.04998970031738281,
            "5_select": 0.05032062530517578
        },
        "create_base_documents": {
            "overall": 0.5112152099609375,
            "0_unroll": 0.050057172775268555,
            "1_select": 0.047446489334106445,
            "2_rename": 0.0359647274017334,
            "3_join": 0.06504487991333008,
            "4_aggregate_override": 0.03278756141662598,
            "5_join": 0.07083988189697266,
            "6_rename": 0.04913210868835449,
            "7_convert": 0.10009598731994629
        },
        "create_final_documents": {
            "overall": 0.10847687721252441,
            "0_rename": 0.056954383850097656
        }
    }
}