{
    "total_runtime": 221.9034104347229,
    "num_documents": 1,
    "input_load_time": 0,
    "workflows": {
        "create_base_text_units": {
            "overall": 0.4327824115753174,
            "0_orderby": 0.01586747169494629,
            "1_zip": 0.01762986183166504,
            "2_aggregate_override": 0.015594005584716797,
            "3_chunk": 0.2711150646209717,
            "4_select": 0.008810758590698242,
            "5_unroll": 0.007327079772949219,
            "6_rename": 0.011512279510498047,
            "7_genid": 0.01953411102294922,
            "8_unzip": 0.025511980056762695,
            "9_copy": 0.014171600341796875,
            "10_filter": 0.02570819854736328
        },
        "create_base_extracted_entities": {
            "overall": 19.652448415756226,
            "0_entity_extract": 19.601236820220947,
            "1_merge_graphs": 0.03299522399902344
        },
        "create_summarized_entities": {
            "overall": 112.27995729446411,
            "0_summarize_descriptions": 112.2507529258728
        },
        "create_base_entity_graph": {
            "overall": 0.08085441589355469,
            "0_cluster_graph": 0.04317617416381836,
            "1_select": 0.021673202514648438
        },
        "create_final_entities": {
            "overall": 2.728450298309326,
            "0_unpack_graph": 0.018037796020507812,
            "1_rename": 0.01569390296936035,
            "2_select": 0.015825510025024414,
            "3_dedupe": 0.015799760818481445,
            "4_rename": 0.0020356178283691406,
            "5_filter": 0.05047607421875,
            "6_text_split": 0.018125295639038086,
            "7_drop": 0.017716646194458008,
            "8_merge": 0.060735464096069336,
            "9_text_embed": 2.4189536571502686,
            "10_drop": 0.03156328201293945,
            "11_filter": 0.05041193962097168
        },
        "create_final_nodes": {
            "overall": 0.4302794933319092,
            "0_layout_graph": 0.052733659744262695,
            "1_unpack_graph": 0.02106642723083496,
            "2_unpack_graph": 0.027248620986938477,
            "3_filter": 0.05095410346984863,
            "4_drop": 0.023377418518066406,
            "5_select": 0.03160858154296875,
            "6_rename": 0.02863454818725586,
            "7_join": 0.031969308853149414,
            "8_convert": 0.09855937957763672,
            "9_rename": 0.022866487503051758
        },
        "create_final_communities": {
            "overall": 0.5452511310577393,
            "0_unpack_graph": 0.024033784866333008,
            "1_unpack_graph": 0.03509378433227539,
            "2_aggregate_override": 0.032131195068359375,
            "3_join": 0.033350467681884766,
            "4_join": 0.036010026931762695,
            "5_concat": 0.03068232536315918,
            "6_filter": 0.07105708122253418,
            "7_aggregate_override": 0.03430581092834473,
            "8_join": 0.02798151969909668,
            "9_filter": 0.06848287582397461,
            "10_fill": 0.03559231758117676,
            "11_merge": 0.03025364875793457,
            "12_copy": 0.01752495765686035,
            "13_select": 0.042314767837524414
        },
        "join_text_units_to_entity_ids": {
            "overall": 0.19904756546020508,
            "0_select": 0.038987159729003906,
            "1_unroll": 0.06649208068847656,
            "2_aggregate_override": 0.038985252380371094
        },
        "create_final_relationships": {
            "overall": 0.5045566558837891,
            "0_unpack_graph": 0.0642244815826416,
            "1_filter": 0.06818342208862305,
            "2_rename": 0.03587651252746582,
            "3_filter": 0.07162094116210938,
            "4_drop": 0.03588604927062988,
            "5_compute_edge_combined_degree": 0.03991389274597168,
            "6_convert": 0.06963348388671875,
            "7_convert": 0.049474239349365234
        },
        "join_text_units_to_relationship_ids": {
            "overall": 0.20189905166625977,
            "0_select": 0.03531146049499512,
            "1_unroll": 0.04243803024291992,
            "2_aggregate_override": 0.03969168663024902,
            "3_select": 0.0359959602355957
        },
        "create_final_community_reports": {
            "overall": 79.72548866271973,
            "0_prepare_community_reports_nodes": 0.033286094665527344,
            "1_prepare_community_reports_edges": 0.051816701889038086,
            "2_restore_community_hierarchy": 0.04662132263183594,
            "3_prepare_community_reports": 0.17572879791259766,
            "4_create_community_reports": 79.32516813278198,
            "5_window": 0.04191446304321289
        },
        "create_final_text_units": {
            "overall": 0.41755247116088867,
            "0_select": 0.05059647560119629,
            "1_rename": 0.046706438064575195,
            "2_join": 0.05677294731140137,
            "3_join": 0.07951927185058594,
            "4_aggregate_override": 0.06190967559814453,
            "5_select": 0.05650830268859863
        },
        "create_base_documents": {
            "overall": 0.7091336250305176,
            "0_unroll": 0.05811619758605957,
            "1_select": 0.04926276206970215,
            "2_rename": 0.034491539001464844,
            "3_join": 0.18508672714233398,
            "4_aggregate_override": 0.04974818229675293,
            "5_join": 0.07007837295532227,
            "6_rename": 0.05860471725463867,
            "7_convert": 0.16402339935302734
        },
        "create_final_documents": {
            "overall": 0.09659194946289062,
            "0_rename": 0.03774309158325195
        }
    }
}